{"3": 17349.079956054688, "2": 19976.104999542236, "4": 18481.819980621338}